Name,Number of Guests,Bride or Groom,Meal,Wheelchair Access
Adeline James,1,Bride,Fish,No
Leah Williamson,4,Groom,Steak,No
Stella Cobb,1,Groom,Steak,No
Linnie Perez,6,Groom,Steak,No
Mabel Weaver,0,Groom,Vegan,Yes
Mabelle Fowler,1,Groom,Vegetarian,No
Brian Flores,1,Bride,Fish,No
Carl Richardson,1,Bride,Fish,No
Patrick Howell,0,Groom,Vegetarian,No
Mike Bishop,1,Groom,Steak,No
Kevin Castro,1,Bride,Fish,No
Marie Burton,3,Groom,Steak,No
Earl Graham,1,Groom,Steak,No
Hilda Moody,2,Bride,Steak,No
Donald Diaz,1,Bride,Fish,No
Lewis Tate,1,Bride,Fish,No
Cory Salazar,4,Groom,Steak,No
Albert Harris,2,Bride,Steak,No
Agnes Clark,1,Groom,Steak,No
Julia Cannon,1,Bride,Steak,No
Jonathan Elliott,1,Bride,Fish,No
Alice Powell,1,Bride,Fish,No
Ola Ray,3,Groom,Steak,No
Elmer Perkins,5,Groom,Steak,No
Francis Byrd,1,Bride,Steak,No
Lura Williamson,0,Groom,Vegan,No
Lucille Lopez,2,Bride,Steak,No
Katie Campbell,3,Groom,Steak,No
Bess Walker,0,Groom,Vegan,No
Jennie Davidson,1,Bride,Fish,No
Hulda Nguyen,1,Groom,Steak,No
Christine Park,1,Groom,Steak,No
Effie Rowe,1,Groom,Steak,No
Leon Bush,1,Bride,Fish,No
Hester Stokes,3,Groom,Steak,No
Alan Stanley,1,Bride,Fish,No
Nelle Bailey,2,Bride,Steak,No
Julian Santos,1,Groom,Steak,No
Kate Alvarado,1,Bride,Fish,No
Marguerite White,2,Bride,Steak,No
Rosalie Byrd,1,Bride,Fish,No
Andre Rodgers,1,Groom,Steak,No
Clayton Watts,1,Bride,Fish,No
Eva Lowe,1,Bride,Vegetarian,No
Bertie Weaver,1,Groom,Vegetarian,No
Lewis Benson,0,Groom,Vegetarian,No
Edgar Rodgers,1,Bride,Fish,No
Edward Becker,1,Bride,Steak,No
Nina Chapman,5,Groom,Steak,No
Patrick Roy,6,Groom,Steak,No
Barbara Sanchez,1,Bride,Fish,No
Chase Cummings,2,Bride,Steak,No
Trevor Goodwin,3,Bride,Steak,No
Mark Bell,1,Groom,Steak,No
Alta McDonald,1,Bride,Steak,No
Lottie Hopkins,1,Bride,Vegan,Yes
Carl Carter,1,Bride,Steak,No
Maurice Potter,1,Bride,Steak,No
Lou Lawrence,1,Bride,Fish,No
Richard Hoffman,1,Bride,Vegan,Yes
Lora James,1,Bride,Fish,No
Duane Ferguson,2,Bride,Steak,No
Millie Newman,1,Bride,Steak,No
Ernest Martin,1,Bride,Fish,No
Nettie Mendoza,1,Groom,Vegetarian,No
Beulah Murray,1,Bride,Steak,No
Alma Lawrence,0,Groom,Vegetarian,No
Jorge Harrison,0,Groom,Vegan,No
Emilie Bryant,1,Groom,Steak,No
Caroline Riley,1,Bride,Fish,No
Gussie Knight,1,Groom,Steak,No
Roy Hammond,1,Bride,Fish,No
Isabella Roy,1,Bride,Fish,No
Alex Chambers,1,Bride,Steak,No
Clayton Bryant,2,Bride,Steak,No
Ricky Hale,1,Groom,Steak,No
Lettie Pearson,1,Bride,Steak,No
Lee Porter,1,Bride,Fish,No
Ola Fleming,2,Bride,Steak,No
Tillie Welch,1,Groom,Steak,No
Shane Sandoval,1,Groom,Steak,No
Ola Mitchell,1,Bride,Fish,No
Francis Howard,1,Bride,Steak,No
Lula Stevens,0,Groom,Vegetarian,No
Blanche Schwartz,1,Bride,Vegetarian,No
William Huff,1,Bride,Fish,No
Trevor Silva,1,Bride,Fish,No
Ian Thornton,1,Bride,Fish,No
Marc Adkins,1,Bride,Fish,No
Dominic Montgomery,4,Groom,Steak,No
Loretta Hamilton,1,Bride,Fish,No
Craig Holloway,1,Bride,Steak,No
Donald Klein,1,Groom,Steak,No
Willie Hampton,1,Bride,Fish,No
Roy Robbins,1,Groom,Steak,No
Theodore Frank,1,Bride,Fish,No
Katharine Knight,1,Bride,Steak,No
Troy Harper,1,Bride,Steak,No
Nell Moody,4,Groom,Steak,No
Bessie Reynolds,1,Groom,Steak,No